username,salt,hash,password,time
james22_o6i,b1POzEknK_,f399f33b2a0ce454027a9d381ac905e9119359a7,underparts,0.3677735000001121
linda22_o6i,ABuFeRrFZ-,7abf351589b15eee8c36c623e314e23ed143ab5f,applications,0.39215180000019245
sofia22_o6i,anXUwuaA_3,14903c395d7a337ca837ba18c1d46d4f5240a014,effluences,0.5014621000000261
santiago22_o6i,GHA8m9l26L,5ccf797a97f1c5671939948e175d6180b6096b79,excising,0.6221817000000556
isabella22_o6i,l6tmLnbKMJ,b648e052f1d49f89a51a04724ab5a17b2fa835d3,freckles,0.7569709000001694
diego22_o6i,SxAARzCwwn,2bb92f6c9802d73e3981b1426e31f39bbbbf75e4,tenanted,1.112562200000184
robert22_o6i,cLYDwZIlf3,6da3715ea80a288caa29cdb27ed4036ab9f44a8e,ambitions,1.128190300000142
mary22_o6i,hwmhNfQTGT,b6b945766dd6953d8b71759711075c5dd951cf07,extirpate,1.2509905000001709
patricia22_o6i,Xd0Zz6NYW_,4d6e7b3749d36d4a43cdadd18723f0fce3bbd765,kerneled,1.43463440000005
daniela22_o6i,vXNaqjQ6Kk,5669be9b5b022096d2aa693c1427589990420340,safety,1.744700400000056
