username,hash,password,time
daniela22-o6i,1c7eaeff2fe7b3e169772b4885c19b201387664a,C,0.0009093000007851515
diego22-o6i,eec5a5fca217a3cb8d5c4945f74d5f3c1e83031e,mc,0.035552800000004936
robert22-o6i,8a9628e111ae65b703a412cffd1e10a7640f407a,9J6,3.0389411000005566
isabella22-o6i,5237535c4ad2f1e74b5e507577dd9000efee9c90,PapE,137.1167884000006
